{
    "loss": 0.38382118940353394,
    "accuracy": 0.7745097875595093
}