{
    "loss": 0.22236165404319763,
    "accuracy": 0.8235294222831726
}